id,versao,fonte_grupo_id,complemento_fonte_id,codigo,codigo_principal,nome_sintetico,detalhamento_analitico,nomenclatura_analitica,especificacoes,created_at,updated_at,created_by
1,2024,1,1,500000000,500,"Recursos não vinculados de Impostos",00,"Recursos não vinculados de Impostos","Recursos de impostos e transferências de impostos de livre aplicação. Em atendimento ao disposto no inciso X do art. 4º da Lei Complementar nº 141, de 13 de janeiro de 2012, para identificação do percentual mínimo aplicado em ASPS, essa fonte de recursos deverá ser associada ao marcador que identifica as despesas que podem ser consideradas para esse limite. A mesma lógica será utilizada para a identificação do percentual mínimo de aplicação em MDE.","2024-09-10 16:25:16","2024-09-10 16:25:16",4
2,2024,1,2,500100100,500,"Recursos não vinculados de Impostos",00,"Receitas de Impostos e de Transferência de Impostos – Educação","Identificação das despesas com MDE consideradas para o cumprimento do limite constitucional. Observa o disposto nos art. 70 e 71 da Lei nº 9.394, de 20 de dezembro de 1996. Identificação associada à Fonte de Recursos não Vinculados de Impostos, bem como à Fonte de Recursos não vinculados da compensação de impostos para verificação dos limites estabelecidos no artigo 212 da Constituição Federal.","2024-09-10 16:25:16","2024-09-10 16:25:16",4
3,2024,1,3,500100200,500,"Recursos não vinculados de Impostos",00,"Receitas de Impostos e de Transferência de Impostos – Saúde ","Identificação das despesas com ASPS consideradas para o cumprimento do limite constitucional. Observa o disposto nos art. 2º e 3º da Lei Complementar nº 141, de 13 de janeiro de 2012. Identificação associada à Fonte de Recursos não Vinculados de Impostos, bem como à Fonte de Recursos não vinculados da compensação de impostos para verificação do cumprimento dos limites estabelecidos na LC 141/2012 e na Constituição Federal.","2024-09-10 16:25:16","2024-09-10 16:25:16",4
4,2024,1,1,501000000,501,"Outros Recursos não Vinculados",00,"Outros Recursos não Vinculados","Outros recursos não vinculados que não se enquadram na especificação acima.","2024-09-10 16:25:16","2024-09-10 16:25:16",4
5,2024,1,1,502000000,502,"Recursos não vinculados da compensação de impostos",00,"Recursos não vinculados da compensação de impostos","Controle dos recursos não vinculados provenientes da compensação de impostos. Essa fonte de recursos deverá ser associada ao marcador que identifica as despesas que podem ser consideradas para cumprimento dos limites mínimos de aplicação em ASPS e em MDE.","2024-09-10 16:25:16","2024-09-10 16:25:16",4
6,2024,1,1,540000000,540,"Transferências do FUNDEB - Impostos e Transferências de Impostos",00,"Transferências do FUNDEB – impostos 30%","Controle dos recursos recebidos do FUNDEB referente à repartição dentro de cada Estado, com base nos incisos I, II e III do art. 212-A da Constituição Federal. Na fase da despesa, quando for o caso, será necessário associar esta fonte ao marcador do percentual de aplicação no pagamento da remuneração dos profissionais da educação básica em efetivo exercício para identificar o cumprimento do percentual mínimo de 70% estabelecido no inciso XI do art. 212-A da CF.","2024-09-10 16:25:16","2024-09-10 16:25:16",4
7,2024,1,4,540107000,540,"Transferências do FUNDEB - Impostos e Transferências de Impostos",00,"Transferências do FUNDEB – impostos 70%","Controle dos recursos recebidos do FUNDEB referente à repartição dentro de cada Estado, com base nos incisos I, II e III do art. 212-A da Constituição Federal. Na fase da despesa, quando for o caso, será necessário associar esta fonte ao marcador do percentual de aplicação no pagamento da remuneração dos profissionais da educação básica em efetivo exercício para identificar o cumprimento do percentual mínimo de 70% estabelecido no inciso XI do art. 212-A da CF.","2024-09-10 16:25:16","2024-09-10 16:25:16",4
8,2024,1,1,541000000,541,"Transferências do FUNDEB - Complementação da União - VAAF",00,"Transferências do FUNDEB 30%-Complementação União – VAAF","Controle dos recursos de complementação da União ao FUNDEB - VAAF, com base na alínea a do inciso V do art. 212-A da Constituição Federal. Na fase da despesa, quando for o caso, será necessário associar esta fonte ao marcador do percentual de aplicação no pagamento da remuneração dos profissionais da educação básica em efetivo exercício para identificar o cumprimento do percentual mínimo de 70% estabelecido no inciso XI do art. 212-A da CF.","2024-09-10 16:25:16","2024-09-10 16:25:16",4
9,2024,1,4,541107000,541,"Transferências do FUNDEB - Complementação da União - VAAF",00,"Transferências do FUNDEB 70%-Complementação União – VAAF","Controle dos recursos de complementação da União ao FUNDEB - VAAF, com base na alínea a do inciso V do art. 212-A da Constituição Federal. Na fase da despesa, quando for o caso, será necessário associar esta fonte ao marcador do percentual de aplicação no pagamento da remuneração dos profissionais da educação básica em efetivo exercício para identificar o cumprimento do percentual mínimo de 70% estabelecido no inciso XI do art. 212-A da CF.","2024-09-10 16:25:16","2024-09-10 16:25:16",4
10,2024,1,1,542000000,542,"Transferências do FUNDEB - Complementação da União - VAAT",00,"Transferências do FUNDEB 30%-Complementação  União – VAAT","Controle dos recursos de complementação da União ao FUNDEB - VAAT, com base na alínea b do inciso V do art. 212-A da Constituição Federal. Na fase da despesa, quando for o caso, será necessário associar esta fonte ao marcador do percentual de aplicação no pagamento da remuneração dos profissionais da educação básica em efetivo exercício para identificar o cumprimento do percentual mínimo de 70% estabelecido no inciso XI do art. 212-A da CF.","2024-09-10 16:25:16","2024-09-10 16:25:16",4
11,2024,1,4,542107000,542,"Transferências do FUNDEB - Complementação da União - VAAT",00,"Transferências do FUNDEB 70%-Complementação União – VAAT","Controle dos recursos de complementação da União ao FUNDEB - VAAT, com base na alínea b do inciso V do art. 212-A da Constituição Federal. Na fase da despesa, quando for o caso, será necessário associar esta fonte ao marcador do percentual de aplicação no pagamento da remuneração dos profissionais da educação básica em efetivo exercício para identificar o cumprimento do percentual mínimo de 70% estabelecido no inciso XI do art. 212-A da CF.","2024-09-10 16:25:16","2024-09-10 16:25:16",4
12,2024,1,1,543000000,543,"Transferências do FUNDEB - Complementação da União - VAAR",00,"Transferências do FUNDEB 30%-Complementação  União – VAAR","Controle dos recursos de complementação da União ao FUNDEB - VAAR, com base na alínea c, inciso V do art. 212-A da Constituição Federal.","2024-09-10 16:25:16","2024-09-10 16:25:16",4
13,2024,1,4,543107000,543,"Transferências do FUNDEB - Complementação da União - VAAR",00,"Transferências do FUNDEB 70%-Complementação União – VAAR","Controle dos recursos de complementação da União ao FUNDEB - VAAR, com base na alínea c, inciso V do art. 212-A da Constituição Federal.","2024-09-10 16:25:16","2024-09-10 16:25:16",4
14,2024,1,1,544000000,544,"Recursos de Precatórios do FUNDEF",00,"Recursos de Precatórios do FUNDEF","Controle dos recursos decorrentes do recebimento de precatórios derivados de ações judiciais associadas à complementação devida pela União ao Fundo de Manutenção e Desenvolvimento do Ensino Fundamental e de Valorização do Magistério dos demais entes federados (Precatórios Fundef).","2024-09-10 16:25:16","2024-09-10 16:25:16",4
15,2024,1,1,550000000,550,"Transferência do Salário-Educação",00,"Transferência do Salário-Educação","Controle dos recursos originários de transferências recebidas do Fundo Nacional do Desenvolvimento da Educação – FNDE, relativos aos repasses referentes ao salário-educação.","2024-09-10 16:25:16","2024-09-10 16:25:16",4
16,2024,1,1,551000000,551,"Transferências de Recursos do FNDE Referentes ao Programa Dinheiro Direto na Escola (PDDE)",00,"Transferências de Recursos do FNDE Referentes ao Programa Dinheiro Direto na Escola (PDDE)","Controle dos recursos originários de transferências do Fundo Nacional do Desenvolvimento da Educação – FNDE, destinados ao Programa Dinheiro Direto na Escola (PDDE).","2024-09-10 16:25:16","2024-09-10 16:25:16",4
17,2024,1,1,552000000,552,"Transferências de Recursos do FNDE Referentes ao Programa Nacional de Alimentação Escolar (PNAE)",00,"Transferências de Recursos do FNDE Referentes ao Programa Nacional de Alimentação Escolar (PNAE)","Controle dos recursos originários de transferências do Fundo Nacional do Desenvolvimento da Educação – FNDE, destinados ao Programa Nacional de Alimentação Escolar (PNAE).","2024-09-10 16:25:16","2024-09-10 16:25:16",4
18,2024,1,1,553000000,553,"Transferências de Recursos do FNDE Referentes ao Programa Nacional de Apoio ao Transporte Escolar (PNATE) ",00,"Transferências de Recursos do FNDE Referentes ao Programa Nacional de Apoio ao Transporte Escolar (PNATE) ","Controle dos recursos originários de transferências do Fundo Nacional do Desenvolvimento da Educação – FNDE, destinados ao Programa Nacional de Apoio ao Transporte Escolar (PNATE).","2024-09-10 16:25:16","2024-09-10 16:25:16",4
19,2024,1,1,569000000,569,"Outras Transferências de Recursos do FNDE",00,"Outras Transferências de Recursos do FNDE","Controle dos demais recursos originários de transferências do Fundo Nacional do Desenvolvimento da Educação – FNDE.","2024-09-10 16:25:16","2024-09-10 16:25:16",4
20,2024,1,1,570000000,570,"Transferências do Governo Federal referentes a Convênios e Instrumentos Congêneres vinculados à Educação",00,"Transferências do Governo Federal referentes a Convênios e Instrumentos Congêneres vinculados à Educação","Controle dos recursos originários de transferências em decorrência da celebração de convênios e instrumentos congêneres com a União, cuja destinação encontra-se vinculada a programas da educação.","2024-09-10 16:25:16","2024-09-10 16:25:16",4
21,2024,1,1,571000000,571,"Transferências do Estado referentes a Convênios e Instrumentos Congêneres vinculados à Educação",00,"Transferências do Estado referentes a Convênios e Instrumentos Congêneres vinculados à Educação","Controle dos recursos originários de transferências em decorrência da celebração de convênios e instrumentos congêneres com os Estados, cuja destinação encontra-se vinculada a programas da educação.","2024-09-10 16:25:16","2024-09-10 16:25:16",4
22,2024,1,1,572000000,572,"Transferências de Municípios referentes a Convênios e Instrumentos Congêneres vinculados à Educação",00,"Transferências de Municípios referentes a Convênios e Instrumentos Congêneres vinculados à Educação","Controle dos recursos originários de transferências em decorrência da celebração de convênios e instrumentos congêneres com outros municípios, cuja destinação encontra-se vinculada a programas da educação.","2024-09-10 16:25:16","2024-09-10 16:25:16",4
23,2024,1,1,573000000,573,"Royalties e Participação Especial de Petróleo e Gás Natural Vinculados à Educação - Lei nº 12.858/2013",00,"Royalties e Participação Especial de Petróleo e Gás Natural Vinculados à Educação - Lei nº 12.858/2013","Controle dos recursos vinculados à Educação, originários de transferências recebidas pelos entes, relativos a Royalties e Participação Especial com base no art. 2º da Lei nº 12.858/2013.","2024-09-10 16:25:16","2024-09-10 16:25:16",4
24,2024,1,1,574000000,574,"Operações de Crédito Vinculadas à Educação",00,"Operações de Crédito Vinculadas à Educação","Controle dos recursos originários de operações de crédito, cuja destinação encontra-se vinculada a programas da educação.","2024-09-10 16:25:16","2024-09-10 16:25:16",4
25,2024,1,1,575000000,575,"Outras Transferências de Convênios e Instrumentos Congêneres vinculados à Educação",00,"Outras Transferências de Convênios e Instrumentos Congêneres vinculados à Educação","Controle dos recursos originários de transferências de entidades privadas, estrangeiras ou multigovernamentais em virtude de assinatura de convênios e instrumentos congêneres, cuja destinação encontra-se vinculada a programas de educação.","2024-09-10 16:25:16","2024-09-10 16:25:16",4
26,2024,1,1,576000000,576,"Transferências de Recursos dos Estados para programas de educação",00,"Transferências de Recursos dos Estados para programas de educação","Controle dos recursos transferidos pelos Estados para programas de educação, que não decorram de celebração de convênios, contratos de repasse e termos de parceria.","2024-09-10 16:25:16","2024-09-10 16:25:16",4
27,2024,1,1,599000000,599,"Outros Recursos Vinculados à Educação",00,"Outros Recursos Vinculados à Educação","Controle dos demais recursos vinculados à Educação, não enquadrados nas especificações anteriores.","2024-09-10 16:25:16","2024-09-10 16:25:16",4
28,2024,1,1,600000000,600,"Transferências Fundo a Fundo de Recursos do SUS provenientes do Governo Federal - Bloco de Manutenção das Ações e Serviços Públicos de Saúde",00,"Transferências Fundo a Fundo de Recursos do SUS provenientes do Governo Federal - Bloco de Manutenção das Ações e Serviços Públicos de Saúde","Controle dos recursos originários de transferências do Fundo Nacional de Saúde, referentes ao Sistema Único de Saúde (SUS) e relacionados ao Bloco de Manutenção das Ações e Serviços Públicos de Saúde.","2024-09-10 16:25:16","2024-09-10 16:25:16",4
29,2024,1,1,601000000,601,"Transferências Fundo a Fundo de Recursos do SUS provenientes do Governo Federal - Bloco de Estruturação da Rede de Serviços Públicos de Saúde",00,"Transferências Fundo a Fundo de Recursos do SUS provenientes do Governo Federal - Bloco de Estruturação da Rede de Serviços Públicos de Saúde","Controle dos recursos originários de transferências do Fundo Nacional de Saúde, referentes ao Sistema Único de Saúde (SUS) e relacionados ao Bloco de Estruturação na Rede de Serviços Públicos de Saúde.","2024-09-10 16:25:16","2024-09-10 16:25:16",4
30,2024,1,1,602000000,602,"Transferências Fundo a Fundo de Recursos do SUS provenientes do Governo Federal - Bloco de Manutenção das Ações e Serviços Públicos de Saúde – Recursos destinados ao enfrentamento da COVID-19 no bojo da ação 21C0.",00,"Transferências Fundo a Fundo de Recursos do SUS provenientes do Governo Federal - Bloco de Manutenção das Ações e Serviços Públicos de Saúde – Recursos destinados ao enfrentamento da COVID-19 no bojo da ação 21C0.","Controle dos recursos originários de transferências do Fundo Nacional de Saúde, referentes ao Sistema Único de Saúde (SUS), relacionados ao Bloco de Manutenção das Ações e Serviços Públicos de Saúde, e destinados ao enfrentamento da COVID-19 no bojo da ação 21C0 do orçamento da União.","2024-09-10 16:25:16","2024-09-10 16:25:16",4
31,2024,1,1,603000000,603,"Transferências Fundo a Fundo de Recursos do SUS provenientes do Governo Federal - Bloco de Estruturação da Rede de Serviços Públicos de Saúde – Recursos destinados ao enfrentamento da COVID-19 no bojo da ação 21C0.",00,"Transferências Fundo a Fundo de Recursos do SUS provenientes do Governo Federal - Bloco de Estruturação da Rede de Serviços Públicos de Saúde – Recursos destinados ao enfrentamento da COVID-19 no bojo da ação 21C0.","Controle dos recursos originários de transferências do Fundo Nacional de Saúde, referentes ao Sistema Único de Saúde (SUS), relacionados ao Bloco de Estruturação na Rede de Serviços Públicos de Saúde e destinados ao enfrentamento da COVID-19 no bojo da ação 21C0 do orçamento da União.","2024-09-10 16:25:16","2024-09-10 16:25:16",4
32,2024,1,1,604000000,604,"Transferências provenientes do Governo Federal destinadas ao vencimento dos agentes comunitários de saúde e dos agentes de combate às endemias",00,"Transferências provenientes do Governo Federal destinadas ao vencimento dos agentes comunitários de saúde e dos agentes de combate às endemias","Controle dos recursos originários do Governo Federal, referentes ao Sistema Único de Saúde (SUS), relacionados ao vencimento dos agentes comunitários de saúde e dos agentes de combate às endemias, nos termos do art. 198, §7ª da Constituição Federal.","2024-09-10 16:25:16","2024-09-10 16:25:16",4
33,2024,1,1,605000000,605,"Assistência financeira da União destinada à complementação ao pagamento dos pisos salariais para profissionais da enfermagem.",00,"Assistência financeira da União destinada à complementação ao pagamento dos pisos salariais para profissionais da enfermagem.","Controle dos recursos transferidos pela União, a título de assistência financeira complementar, para o cumprimento dos pisos salariais profissionais nacionais para o enfermeiro, o técnico de enfermagem, o auxiliar de enfermagem e a parteira, conforme estabelecido pela CF/88, art. 198, §§12 a 15.","2024-09-10 16:25:16","2024-09-10 16:25:16",4
34,2024,1,1,621000000,621,"Transferências Fundo a Fundo de Recursos do SUS provenientes do Governo Estadual ",00,"Transferências Fundo a Fundo de Recursos do SUS provenientes do Governo Estadual ","Controle dos recursos originários de transferências do Fundo Estadual de Saúde, referentes ao Sistema Único de Saúde (SUS).","2024-09-10 16:25:16","2024-09-10 16:25:16",4
35,2024,1,1,622000000,622,"Transferências Fundo a Fundo de Recursos do SUS provenientes dos Governos Municipais",00,"Transferências Fundo a Fundo de Recursos do SUS provenientes dos Governos Municipais","Controle dos recursos originários de transferências dos Fundos de Saúde de outros municípios, referentes ao Sistema Único de Saúde (SUS).","2024-09-10 16:25:16","2024-09-10 16:25:16",4
36,2024,1,1,631000000,631,"Transferências do Governo Federal referentes a Convênios e Instrumentos Congêneres vinculados à Saúde",00,"Transferências do Governo Federal referentes a Convênios e Instrumentos Congêneres vinculados à Saúde","Controle dos recursos originários de transferências em decorrência da celebração de convênios e instrumentos congêneres com a União, cuja destinação encontra-se vinculada a programas da saúde.","2024-09-10 16:25:16","2024-09-10 16:25:16",4
37,2024,1,1,632000000,632,"Transferências do Estado referentes a Convênios e Instrumentos Congêneres vinculados à Saúde",00,"Transferências do Estado referentes a Convênios e Instrumentos Congêneres vinculados à Saúde","Controle dos recursos originários de transferências em decorrência da celebração de convênios e instrumentos congêneres com os Estados, cuja destinação encontra-se vinculada a programas da saúde.","2024-09-10 16:25:16","2024-09-10 16:25:16",4
38,2024,1,1,633000000,633,"Transferências de Municípios referentes a Convênios Instrumentos Congêneres vinculados à Saúde",00,"Transferências de Municípios referentes a Convênios Instrumentos Congêneres vinculados à Saúde","Controle dos recursos originários de transferências em decorrência da celebração de convênios e instrumentos congêneres com outros Municípios, cuja destinação encontra-se vinculada a programas da saúde.","2024-09-10 16:25:16","2024-09-10 16:25:16",4
39,2024,1,1,634000000,634,"Operações de Crédito vinculadas à Saúde",00,"Operações de Crédito vinculadas à Saúde","Controle dos recursos originários de operações de crédito, cuja destinação encontra-se vinculada a programas da saúde.","2024-09-10 16:25:16","2024-09-10 16:25:16",4
40,2024,1,1,635000000,635,"Royalties e Participação Especial de Petróleo e Gás Natural vinculados à Saúde - Lei nº 12.858/2013",00,"Royalties e Participação Especial de Petróleo e Gás Natural vinculados à Saúde - Lei nº 12.858/2013","Controle dos recursos vinculados à Saúde, originários de transferências recebidas pelos entes, relativos a Royalties e Participação Especial com base no art. 2º da Lei nº 12.858/2013.","2024-09-10 16:25:16","2024-09-10 16:25:16",4
41,2024,1,1,636000000,636,"Outras Transferências de Convênios e Instrumentos Congêneres vinculados à Saúde",00,"Outras Transferências de Convênios e Instrumentos Congêneres vinculados à Saúde","Controle dos recursos originários de transferências de entidades privadas, estrangeiras ou multigovernamentais em virtude de assinatura de convênios e instrumentos congêneres, cuja destinação encontra-se vinculada a programas de saúde.","2024-09-10 16:25:16","2024-09-10 16:25:16",4
42,2024,1,1,659000000,659,"Outros Recursos Vinculados à Saúde ",00,"Outros Recursos Vinculados à Saúde ","Controle dos demais recursos vinculados à Saúde, não enquadrados nas especificações anteriores.","2024-09-10 16:25:16","2024-09-10 16:25:16",4
43,2024,1,1,660000000,660,"Transferência de Recursos do Fundo Nacional de Assistência Social - FNAS",00,"Transferência de Recursos do Fundo Nacional de Assistência Social - FNAS","Controle os recursos originários de transferências do Fundo Nacional de Assistência Social - Lei Federal nº 8.742, 07/12/1993.","2024-09-10 16:25:16","2024-09-10 16:25:16",4
44,2024,1,1,661000000,661,"Transferência de Recursos dos Fundos Estaduais de Assistência Social",00,"Transferência de Recursos dos Fundos Estaduais de Assistência Social","Controle dos recursos originários de transferências dos fundos estaduais de assistência social.","2024-09-10 16:25:16","2024-09-10 16:25:16",4
45,2024,1,1,662000000,662,"Transferências de Recursos dos Fundos Municipais de Assistência Social",00,"Transferências de Recursos dos Fundos Municipais de Assistência Social","Controle os recursos originários de transferência dos fundos municipais de assistência social.","2024-09-10 16:25:16","2024-09-10 16:25:16",4
46,2024,1,1,665000000,665,"Transferências de Outras Entidades de Convênios e Instrumentos Congêneres vinculados à Assistência Social",00,"Transferências de Outras Entidades de Convênios e Instrumentos Congêneres vinculados à Assistência Social","Controle dos recursos originários de transferências em decorrência da celebração de convênios e instrumentos congêneres cuja destinação encontra-se vinculada a programas da assistência social.","2024-09-10 16:25:16","2024-09-10 16:25:16",4
47,2024,1,1,665000001,665,"Transferências de Outras Entidades de Convênios e Instrumentos Congêneres vinculados à Assistência Social",01,"Transferências da União de Convênios e Instrumentos Congêneres vinculados à Assistência Social","Controle dos recursos originários de transferências em decorrência da celebração de convênios e instrumentos congêneres cuja destinação encontra-se vinculada a programas da assistência social.","2024-09-10 16:25:16","2024-09-10 16:25:16",4
48,2024,1,1,665000002,665,"Transferências de Outras Entidades de Convênios e Instrumentos Congêneres vinculados à Assistência Social",02,"Transferências dos Estados de Convênios e Instrumentos Congêneres vinculados à Assistência Social","Controle dos recursos originários de transferências em decorrência da celebração de convênios e instrumentos congêneres cuja destinação encontra-se vinculada a programas da assistência social.","2024-09-10 16:25:16","2024-09-10 16:25:16",4
49,2024,1,1,665000003,665,"Transferências de Outras Entidades de Convênios e Instrumentos Congêneres vinculados à Assistência Social",03,"Transferências dos Municípios de Convênios e Instrumentos Congêneres vinculados à Assistência Social","Controle dos recursos originários de transferências em decorrência da celebração de convênios e instrumentos congêneres cuja destinação encontra-se vinculada a programas da assistência social.","2024-09-10 16:25:16","2024-09-10 16:25:16",4
50,2024,1,1,669000000,669,"Outros Recursos Vinculados à Assistência Social",00,"Outros Recursos Vinculados à Assistência Social","Controle dos demais recursos vinculados à Assistência Social, não enquadrados nas especificações anteriores.","2024-09-10 16:25:16","2024-09-10 16:25:16",4
51,2024,1,1,700000000,700,"Outras Transferências de Convênios ou Instrumentos Congêneres da União",00,"Outras Transferências de Convênios ou Instrumentos Congêneres da União","Controle dos recursos originários de transferências federais em decorrência da celebração de convênios e instrumentos congêneres cuja destinação encontra-se vinculada aos seus objetos. Não serão controlados por esta fonte os recursos de convênios vinculados a programas da educação, da saúde e da assistência social.","2024-09-10 16:25:16","2024-09-10 16:25:16",4
52,2024,1,1,701000000,701,"Outras Transferências de Convênios ou Instrumentos Congêneres dos Estados",00,"Outras Transferências de Convênios ou Instrumentos Congêneres dos Estados","Controle dos recursos originários de transferências estaduais em decorrência da celebração de convênios e instrumentos congêneres, cuja destinação encontra-se vinculada aos seus objetos. Não serão controlados por esta fonte os recursos de convênios ou contratos de repasse vinculados a programas da educação, da saúde e da assistência social.","2024-09-10 16:25:16","2024-09-10 16:25:16",4
53,2024,1,1,702000000,702,"Outras Transferências de Convênios ou Instrumentos Congêneres dos Municípios",00,"Outras Transferências de Convênios ou Instrumentos Congêneres dos Municípios","Controle dos recursos originários de transferências de municípios em decorrência da celebração de convênios e instrumentos congêneres, cuja destinação encontra-se vinculada aos seus objetos. Não serão controlados por esta fonte os recursos de convênios ou contratos de repasse vinculados a programas da educação, da saúde e da assistência social.","2024-09-10 16:25:16","2024-09-10 16:25:16",4
54,2024,1,1,703000000,703,"Outras Transferências de Convênios ou Instrumentos Congêneres de outras Entidades",00,"Outras Transferências de Convênios ou Instrumentos Congêneres de outras Entidades","Controle dos recursos originários de transferências de entidades privadas, estrangeiras ou multigovernamentais em virtude de assinatura de convênios e instrumentos congêneres, cuja destinação encontra-se vinculada aos seus objetos. Não serão controlados por esta fonte os recursos de convênios ou contratos de repasse vinculados a programas da educação, da saúde e da assistência social.","2024-09-10 16:25:16","2024-09-10 16:25:16",4
55,2024,1,1,704000000,704,"Transferências da União Referentes a Compensações Financeiras pela Exploração de Recursos Naturais",00,"Transferências da União Referentes a Compensações Financeiras pela Exploração de Recursos Naturais","Controle dos recursos transferidos pela União, originários da arrecadação de royalties do petróleo, do gás natural, da cota-parte do bônus de assinatura de contrato de partilha de produção, exceto os recursos provenientes da Lei nº 12.858/2013, destinados às áreas da saúde ou da educação.","2024-09-10 16:25:16","2024-09-10 16:25:16",4
56,2024,1,1,705000000,705,"Transferências dos Estados Referentes a Compensações Financeiras pela Exploração de Recursos Naturais",00,"Transferências dos Estados Referentes a Compensações Financeiras pela Exploração de Recursos Naturais","Controle dos recursos transferidos pelos Estados, originários da arrecadação de royalties do petróleo, do gás natural, da cota-parte do bônus de assinatura de contrato de partilha de produção.","2024-09-10 16:25:16","2024-09-10 16:25:16",4
57,2024,1,1,706000000,706,"Transferência Especial da União ",00,"Transferência Especial da União ","Controle dos recursos transferidos pela União provenientes de emendas individuais impositivas ao orçamento da União, por meio de transferências especiais, nos termos do art. 166-A da Constituição Federal.","2024-09-10 16:25:16","2024-09-10 16:25:16",4
58,2024,1,1,707000000,707,"Transferências da União – inciso I do art. 5º da Lei Complementar 173/2020",00,"Transferências da União – inciso I do art. 5º da Lei Complementar 173/2020","Controle dos recursos provenientes de transferência da União com base no disposto no inciso I do art. 5º da Lei Complementar 173, de 27 de maio de 2020.","2024-09-10 16:25:16","2024-09-10 16:25:16",4
59,2024,1,1,708000000,708,"Transferência da União Referente à Compensação Financeira de Recursos Minerais",00,"Transferência da União Referente à Compensação Financeira de Recursos Minerais","Controle dos recursos transferidos pela União, referentes à compensação financeira pela exploração de recursos minerais em atendimento às destinações e vedações previstas na legislação.","2024-09-10 16:25:16","2024-09-10 16:25:16",4
60,2024,1,1,709000000,709,"Transferência da União referente à Compensação Financeira de Recursos Hídricos",00,"Transferência da União referente à Compensação Financeira de Recursos Hídricos","Controle dos recursos transferidos pela União, referentes à compensação financeira de recursos hídricos em atendimento às destinações e vedações previstas na legislação.","2024-09-10 16:25:16","2024-09-10 16:25:16",4
61,2024,1,1,710000000,710,"Transferência Especial dos Estados",00,"Transferência Especial dos Estados","Controle dos recursos transferidos pelos Estados provenientes de emendas individuais impositivas ao orçamento desses entes, por meio de transferências especiais, nos termos das constituições estaduais que reproduziram o disposto no art. 166-A da Constituição Federal.","2024-09-10 16:25:16","2024-09-10 16:25:16",4
62,2024,1,1,711000000,711,"Demais Transferências Obrigatórias não Decorrentes de Repartições de Receitas",00,"Demais Transferências Obrigatórias não Decorrentes de Repartições de Receitas","controle dos recursos originários de transferências obrigatórias da União que não decorram de repartição de receitas, como as transferências a Ntulo de auxílio ou apoio financeiro, e para os quais não tenha sido criada fonte ou destinação de recursos específica","2024-09-10 16:25:16","2024-09-10 16:25:16",4
63,2024,1,1,712000000,712,"Transferências Fundo a Fundo de Recursos do Fundo Penitenciário - FUNPEN",00,"Transferências Fundo a Fundo de Recursos do Fundo Penitenciário - FUNPEN","Controla as transferências obrigatórias de recursos do Fundo Penitenciário Nacional - FUNPEN.","2024-09-10 16:25:16","2024-09-10 16:25:16",4
64,2024,1,1,713000000,713,"Transferências Fundo a Fundo de Recursos do Fundo de Segurança Pública - FSP",00,"Transferências Fundo a Fundo de Recursos do Fundo de Segurança Pública - FSP","Controla as transferências obrigatórias de recursos do Fundo de Segurança Pública - FSP","2024-09-10 16:25:16","2024-09-10 16:25:16",4
65,2024,1,1,714000000,714,"Transferências Fundo a Fundo de Recursos do Fundo de Amparo ao Trabalhador - FAT",00,"Transferências Fundo a Fundo de Recursos do Fundo de Amparo ao Trabalhador - FAT","Controla as transferências obrigatórias de recursos do Fundo de Amparo ao Trabalhador - FAT","2024-09-10 16:25:16","2024-09-10 16:25:16",4
66,2024,1,1,715000000,715,"Transferências Destinadas ao Setor Cultural - LC nº 195/2022 - Art. 5º - Audiovisual",00,"Transferências Destinadas ao Setor Cultural - LC nº 195/2022 - Art. 5º - Audiovisual","Controla a parcela dos recursos provenientes das transferências efetuadas pela União destinadas ao setor cultural, especificamente ao setor audiovisual, como ação emergencial adotada em decorrência dos efeitos econômicos e sociais da pandemia da covid-19, em cumprimento ao Art. 5º da Lei Complementar nº 195, de 8 de julho de 2022.","2024-09-10 16:25:16","2024-09-10 16:25:16",4
67,2024,1,1,716000000,716,"Transferências Destinadas ao Setor cultural - LC nº 195/2022 - Art. 8º - Demais Setores da Cultura",00,"Transferências Destinadas ao Setor cultural - LC nº 195/2022 - Art. 8º - Demais Setores da Cultura","Controla a parcela dos recursos provenientes das transferências efetuadas pela União destinadas ao setor cultural, como ação emergencial adotada em decorrência dos efeitos econômicos e sociais da pandemia da covid-19, em cumprimento ao Art. 8º da Lei Complementar nº 195, de 8 de julho de 2022","2024-09-10 16:25:16","2024-09-10 16:25:16",4
68,2024,1,1,717000000,717,"Assistência Financeira Transporte Coletivo - Art. 5º, Inciso IV, EC nº 123/2022",00,"Assistência Financeira Transporte Coletivo - Art. 5º, Inciso IV, EC nº 123/2022","Controla os recursos provenientes das transferências da União a título de assistência financeira a serem utilizados no custeio da garantia prevista no §2º do art. 230 da CF, de gratuidade dos transportes coletivos urbanos aos maiores de 65 anos, conforme prevê o inciso IV, art. 5º, da Emenda Constitucional nº 123/2022.","2024-09-10 16:25:16","2024-09-10 16:25:16",4
69,2024,1,1,718000000,718,"Auxílio Financeiro - Outorga Crédito Tributário ICMS - Art. 5º, Inciso V, EC nº 123/2022",00,"Auxílio Financeiro - Outorga Crédito Tributário ICMS - Art. 5º, Inciso V, EC nº 123/2022","Controla os recursos provenientes das transferências da União a título de auxílio financeiro para os Estados e o Distrito Federal que outorgarem créditos tributários do Imposto sobre Operações relativas à Circulação de Mercadorias e sobre Prestações de Serviços de Transporte Interestadual e Intermunicipal e de Comunicação (ICMS) aos produtores ou distribuidores de etanol hidratado em seu território, em montante equivalente ao valor recebido, conforme prevê o Inciso V, art. 5º, da Emenda Constitucional nº 123/2022.","2024-09-10 16:25:16","2024-09-10 16:25:16",4
70,2024,1,2,718100100,718,"Auxílio Financeiro - Outorga Crédito Tributário ICMS - Art. 5º, Inciso V, EC nº 123/2022",00,"Auxílio Financeiro – Outorga Crédito Tributário ICMS – Art. 5º, Inciso V, EC nº 123/2022 – Educação","Identificação das despesas com MDE consideradas para o cumprimento do limite constitucional. Observa o disposto nos art. 70 e 71 da Lei nº 9.394, de 20 de dezembro de 1996. Identificação associada à Fonte de Recursos não Vinculados de Impostos, bem como à Fonte de Recursos não vinculados da compensação de impostos para verificação dos limites estabelecidos no artigo 212 da Constituição Federal.","2024-09-10 16:25:16","2024-09-10 16:25:16",4
71,2024,1,1,719000000,719,"Transferências da Política Nacional Aldir Blanc de Fomento à Cultura - Lei nº 14.399/202",00,"Transferências da Política Nacional Aldir Blanc de Fomento à Cultura - Lei nº 14.399/202","Controla os recursos provenientes de transferências efetuadas pela União em decorrência da Política Nacional Aldir Blanc de Fomento à Cultura previstas no art. 6º da Lei nº 14.399, de 8 de julho de 2022.","2024-09-10 16:25:16","2024-09-10 16:25:16",4
72,2024,1,1,720000000,720,"Transferências da União Referentes às participações na exploração de Petróleo e Gás Natural destinadas ao FEP - Lei 9.478/1997",00,"Transferências da União Referentes às participações na exploração de Petróleo e Gás Natural destinadas ao FEP - Lei 9.478/1997","Transferências da União referentes às participações na exploração de petróleo, gás natural e outros hidrocarbonetos fluidos, destinadas ao Fundo Especial - FEP, conforme estabelece o art. 50-F da Lei 9.478/97, exceto os recursos obrigatórios para educação e saúde  e que trata a Lei 12.858/2013","2024-09-10 16:25:16","2024-09-10 16:25:16",4
73,2024,1,1,721000000,721,"Transferências da União Referentes a Cessão Onerosa de Petróleo – Lei nº 13.885/2019",00,"Transferências da União Referentes a Cessão Onerosa de Petróleo – Lei nº 13.885/2019","Controle dos recursos transferidos pela União, provenientes da cessão onerosa à Petróleo Brasileiro S.A. - PETROBRAS, do exercício das atividades de pesquisa e lavra de petróleo, gás natural e outros hidrocarbonetos fluidos, originários dos leilões dos volumes xcedentes ao limite a que se refere o § 2º do art. 1º da Lei nº 12.276, conforme estabelecido na Lei nº 13.885/2019.","2024-09-10 16:25:16","2024-09-10 16:25:16",4
74,2024,1,1,749000000,749,"Outras vinculações de transferências",00,"Outras vinculações de transferências","Controle dos recursos de outras transferências vinculadas, não enquadrados nas especificações anteriores.","2024-09-10 16:25:16","2024-09-10 16:25:16",4
75,2024,1,1,749000001,749,"Outras vinculações de transferências",01,"Transferência de Recursos do Fundo Nacional de Habitação de Interesse Social FNHIS","Controle dos recursos de outras transferências vinculadas, não enquadrados nas especificações anteriores.","2024-09-10 16:25:16","2024-09-10 16:25:16",4
76,2024,1,1,750000000,750,"Recursos da Contribuição de Intervenção no Domínio Econômico - CIDE",00,"Recursos da Contribuição de Intervenção no Domínio Econômico - CIDE","Controle dos recursos recebidos pelos Estados, Distrito Federal e Municípios, decorrentes da distribuição da arrecadação da União com a CIDE - Combustíveis, com base no disposto na Lei nº 10.336/2001.","2024-09-10 16:25:16","2024-09-10 16:25:16",4
77,2024,1,1,751000000,751,"Recursos da Contribuição para o Custeio do Serviço de Iluminação Pública - COSIP",00,"Recursos da Contribuição para o Custeio do Serviço de Iluminação Pública - COSIP","Controle dos recursos da COSIP, nos termos do artigo 149-A da Constituição Federal da República.","2024-09-10 16:25:16","2024-09-10 16:25:16",4
78,2024,1,1,752000000,752,"Recursos Vinculados ao Trânsito",00,"Recursos Vinculados ao Trânsito","Controle dos recursos com a cobrança das multas de trânsito nos termos do art. 320 da Lei nº 9.503/1997 - Código de Trânsito Brasileiro.","2024-09-10 16:25:16","2024-09-10 16:25:16",4
79,2024,1,1,753000000,753,"Recursos Provenientes de Taxas, Contribuições e Preços Públicos",00,"Recursos Provenientes de Taxas, Contribuições e Preços Públicos","Controle dos recursos de taxas, contribuições e preços públicos vinculados conforme legislações específicas.","2024-09-10 16:25:16","2024-09-10 16:25:16",4
80,2024,1,1,754000000,754,"Recursos de Operações de Crédito ",00,"Recursos de Operações de Crédito ","Controle dos recursos originários de operações de crédito, exceto as operações cuja aplicação esteja destinada a programas de educação e saúde.","2024-09-10 16:25:16","2024-09-10 16:25:16",4
81,2024,1,1,755000000,755,"Recursos de Alienação de Bens/Ativos - Administração Direta",00,"Recursos de Alienação de Bens/Ativos - Administração Direta","Controle dos recursos decorrentes da alienação de bens da Administração Direta, nos termos do art. 44 da Lei Complementar nº 101/2000.","2024-09-10 16:25:16","2024-09-10 16:25:16",4
82,2024,1,1,756000000,756,"Recursos de Alienação de Bens/Ativos - Administração Indireta",00,"Recursos de Alienação de Bens/Ativos - Administração Indireta","Controle dos recursos decorrentes da alienação de bens da Administração Indireta, nos termos do art. 44 da Lei Complementar nº 101/2000.","2024-09-10 16:25:16","2024-09-10 16:25:16",4
83,2024,1,1,757000000,757,"Recursos de depósitos judiciais – Lides das quais o ente faz parte",00,"Recursos de depósitos judiciais – Lides das quais o ente faz parte","Controle dos recursos de depósitos judiciais apropriados pelo ente de lides das quais o ente faz parte, com base na Lei Complementar nº 151/2015, no art. 101 do ADCT da Constituição Federal.","2024-09-10 16:25:16","2024-09-10 16:25:16",4
84,2024,1,1,758000000,758,"Recursos de depósitos judiciais – Lides das quais o ente não faz parte",00,"Recursos de depósitos judiciais – Lides das quais o ente não faz parte","Controle dos recursos de depósitos judiciais apropriados pelo ente de lides das quais o ente não faz parte, com base no art. 101 do ADCT da Constituição Federal.","2024-09-10 16:25:16","2024-09-10 16:25:16",4
85,2024,1,1,759000000,759,"Recursos vinculados a fundos",00,"Recursos vinculados a fundos","Controle dos recursos vinculados a fundos, com exceção dos fundos relacionados à saúde, à educação, à assistência social e aos regimes de previdência.","2024-09-10 16:25:16","2024-09-10 16:25:16",4
86,2024,1,1,760000000,760,"Recursos de Emolumentos, Taxas e Custas",00,"Recursos de Emolumentos, Taxas e Custas","Controle dos recursos de emolumentos, taxas e outros recursos arrecadados, judiciais ou extrajudiciais, observado o disposto em legislações específicas.","2024-09-10 16:25:16","2024-09-10 16:25:16",4
87,2024,1,1,761000000,761,"Recursos Vinculados ao Fundo de Combate e Erradicação da Pobreza",00,"Recursos Vinculados ao Fundo de Combate e Erradicação da Pobreza","Controle dos recursos vinculados ao Fundo de Combate e Erradicação da Pobreza, na forma prevista nos art. 82 do ADCT e da Lei Complementar nº 111, de 6 de julho de 2001.","2024-09-10 16:25:16","2024-09-10 16:25:16",4
88,2024,1,1,799000000,799,"Outras vinculações legais",00,"Outras vinculações legais","Controle de outros recursos vinculados por lei, não enquadrados nas especificações anteriores.","2024-09-10 16:25:16","2024-09-10 16:25:16",4
89,2024,1,5,800111101,800,"Recursos vinculados ao RPPS - Fundo em Capitalização (Plano Previdenciário)",01,"Benefícios previdenciários - Poder Executivo – Fundo em Capitalização (Plano Previdenciário)","Controle dos recursos vinculados ao fundo em capitalização do RPPS. Esse plano existe tanto nos entes que segregaram quanto nos que não segregaram a massa dos segurados, observando-se o disposto na Portaria MF nº 464/2018. Na fase das despesas, será necessário associar esta fonte ao marcador que identifica a qual Poder ou Órgão se refere a despesa quando ela é executada no PO RPPS.","2024-09-10 16:25:16","2024-09-10 16:25:16",4
90,2024,1,6,800112101,800,"Recursos vinculados ao RPPS - Fundo em Capitalização (Plano Previdenciário)",01,"Benefícios previdenciários - Poder Legislativo – Fundo em Capitalização (Plano Previdenciário)","Controle dos recursos vinculados ao fundo em capitalização do RPPS. Esse plano existe tanto nos entes que segregaram quanto nos que não segregaram a massa dos segurados, observando-se o disposto na Portaria MF nº 464/2018. Na fase das despesas, será necessário associar esta fonte ao marcador que identifica a qual Poder ou Órgão se refere a despesa quando ela é executada no PO RPPS.","2024-09-10 16:25:16","2024-09-10 16:25:16",4
91,2024,1,5,800111102,800,"Recursos vinculados ao RPPS - Fundo em Capitalização (Plano Previdenciário)",02,"Benefícios previdenciários - Poder Executivo – Fundo em Capitalização (Plano Previdenciário) - Compensação Financeira","Controle dos recursos vinculados ao fundo em capitalização do RPPS. Esse plano existe tanto nos entes que segregaram quanto nos que não segregaram a massa dos segurados, observando-se o disposto na Portaria MF nº 464/2018. Na fase das despesas, será necessário associar esta fonte ao marcador que identifica a qual Poder ou Órgão se refere a despesa quando ela é executada no PO RPPS.","2024-09-10 16:25:16","2024-09-10 16:25:16",4
92,2024,1,6,800112102,800,"Recursos vinculados ao RPPS - Fundo em Capitalização (Plano Previdenciário)",02,"Benefícios previdenciários - Poder Legislativo – Fundo em Capitalização (Plano Previdenciário) - Compensação Financeira","Controle dos recursos vinculados ao fundo em capitalização do RPPS. Esse plano existe tanto nos entes que segregaram quanto nos que não segregaram a massa dos segurados, observando-se o disposto na Portaria MF nº 464/2018. Na fase das despesas, será necessário associar esta fonte ao marcador que identifica a qual Poder ou Órgão se refere a despesa quando ela é executada no PO RPPS.","2024-09-10 16:25:16","2024-09-10 16:25:16",4
93,2024,1,7,801211101,801,"Recursos vinculados ao RPPS - Fundo em Repartição (Plano Financeiro)",01,"Benefícios previdenciários - Poder Executivo - Fundo em Repartição (Plano Financeiro)","Controle dos recursos vinculados ao fundo em repartição do RPPS. Esse plano deve existir somente nos entes que segregaram a massa dos segurados, observando-se o disposto na Portaria MF nº 464/2018. Na fase da despesa, será necessário associar esta fonte ao marcador que identifica a qual Poder ou Órgão se refere a despesa quando ela é executada no PO RPPS.","2024-09-10 16:25:16","2024-09-10 16:25:16",4
94,2024,1,8,801212101,801,"Recursos vinculados ao RPPS - Fundo em Repartição (Plano Financeiro)",01,"Benefícios previdenciários - Poder Legislativo - Fundo em Repartição (Plano Financeiro)","Controle dos recursos vinculados ao fundo em repartição do RPPS. Esse plano deve existir somente nos entes que segregaram a massa dos segurados, observando-se o disposto na Portaria MF nº 464/2018. Na fase da despesa, será necessário associar esta fonte ao marcador que identifica a qual Poder ou Órgão se refere a despesa quando ela é executada no PO RPPS.","2024-09-10 16:25:16","2024-09-10 16:25:16",4
95,2024,1,7,801211102,801,"Recursos vinculados ao RPPS - Fundo em Repartição (Plano Financeiro)",02,"Benefícios previdenciários - Poder Executivo - Fundo em Repartição (Plano Financeiro) - Compensação Financeira","Controle dos recursos vinculados ao fundo em repartição do RPPS. Esse plano deve existir somente nos entes que segregaram a massa dos segurados, observando-se o disposto na Portaria MF nº 464/2018. Na fase da despesa, será necessário associar esta fonte ao marcador que identifica a qual Poder ou Órgão se refere a despesa quando ela é executada no PO RPPS.","2024-09-10 16:25:16","2024-09-10 16:25:16",4
96,2024,1,8,801212102,801,"Recursos vinculados ao RPPS - Fundo em Repartição (Plano Financeiro)",02,"Benefícios previdenciários - Poder Legislativo - Fundo em Repartição (Plano Financeiro) - Compensação Financeira","Controle dos recursos vinculados ao fundo em repartição do RPPS. Esse plano deve existir somente nos entes que segregaram a massa dos segurados, observando-se o disposto na Portaria MF nº 464/2018. Na fase da despesa, será necessário associar esta fonte ao marcador que identifica a qual Poder ou Órgão se refere a despesa quando ela é executada no PO RPPS.","2024-09-10 16:25:16","2024-09-10 16:25:16",4
97,2024,1,1,802000000,802,"Recursos vinculados ao RPPS - Taxa de Administração",00,"Recursos vinculados ao RPPS - Taxa de Administração","Controle dos recursos destinados ao custeio das despesas necessárias à organização e ao funcionamento da unidade gestora do RPPS, observando-se o disposto na Portaria MPS nº 402/2008 e na Portaria MF nº 464/2018, ambas alteradas pela Portaria ME nº 19.451/2020.","2024-09-10 16:25:16","2024-09-10 16:25:16",4
98,2024,1,1,803000000,803,"Recursos vinculados ao Sistema de Proteção Social dos Militares (SPSM)",00,"Recursos vinculados ao Sistema de Proteção Social dos Militares (SPSM)","Controle dos recursos vinculados ao Sistema de Proteção Social dos Militares (SPSM), com base na Lei nº 6.880/1980 (Estatuto dos Militares), alterada pela Lei nº 13.954/2019.","2024-09-10 16:25:16","2024-09-10 16:25:16",4
99,2024,1,1,860000000,860,"Recursos extraorçamentários vinculados a precatórios",00,"Recursos extraorçamentários vinculados a precatórios","Controle dos recursos financeiros junto aos tribunais de justiça vinculados ao pagamento de precatórios.","2024-09-10 16:25:16","2024-09-10 16:25:16",4
100,2024,1,1,861000000,861,"Recursos extraorçamentários vinculados a depósitos judiciais",00,"Recursos extraorçamentários vinculados a depósitos judiciais","Controle dos recursos financeiros junto aos tribunais de justiça vinculados aos depósitos judiciais.","2024-09-10 16:25:16","2024-09-10 16:25:16",4
101,2024,1,1,862000000,862,"Recursos de Depósitos de Terceiros",00,"Recursos de Depósitos de Terceiros","Controle dos recursos financeiros decorrentes de depósitos de terceiros.","2024-09-10 16:25:16","2024-09-10 16:25:16",4
102,2024,1,1,869000000,869,"Outros recursos extraorçamentários",00,"Outros recursos extraorçamentários","Controle dos demais recursos financeiros extraorçamentários, como, por exemplo, retenções e consignações.","2024-09-10 16:25:16","2024-09-10 16:25:16",4
103,2024,1,1,880000000,880,"Recursos próprios dos consórcios ",00,"Recursos próprios dos consórcios ","Controle dos recursos próprios dos Consórcios Públicos (utilizada pelos consórcios públicos)","2024-09-10 16:25:16","2024-09-10 16:25:16",4
104,2024,1,1,899000000,899,"Outros Recursos Vinculados",00,"Outros Recursos Vinculados","Controle dos recursos cuja aplicação seja vinculada e não tenha sido enquadrado em outras especificações.","2024-09-10 16:25:16","2024-09-10 16:25:16",4
105,2024,1,1,899000001,899,"Outros Recursos Vinculados",01,"Recursos Destinados aos Direitos da Criança e do Adolescente","Controle dos recursos cuja aplicação seja vinculada e não tenha sido enquadrado em outras especificações.","2024-09-10 16:25:16","2024-09-10 16:25:16",4
106,2024,1,1,899000002,899,"Outros Recursos Vinculados",02,"Recursos Destinados ao Meio Ambiente","Controle dos recursos cuja aplicação seja vinculada e não tenha sido enquadrado em outras especificações.","2024-09-10 16:25:16","2024-09-10 16:25:16",4
